Date,FB Price,TSCO.L Price,TD.TO Price,7203.T Price,FB Shares,TSCO.L Shares,TD.TO Shares,7203.T Shares,FXGBPUSD,FXCADUSD,FXJPYUSD
2017-01-04,118.690002,205.5,67.650002,7097,100,100,75,50,1.23,0.7509999999999999,0.0085
2017-01-05,120.66999799999999,199.050003,67.809998,7049,100,100,75,50,1.2383,0.7551,0.0086
2017-01-06,123.410004,199.5,67.349998,6930,100,100,75,50,1.2316,0.7568,0.0086
2017-01-10,124.349998,213.0,67.099998,6861,100,100,75,50,1.2166,0.7568,0.0086
2017-01-11,126.089996,208.800003,67.349998,6912,100,100,75,50,1.2118,0.7547,0.0086
2017-01-12,126.620003,206.050003,67.099998,6845,100,100,75,50,1.2226,0.763,0.0088
2017-01-13,128.33999599999999,206.0,67.099998,6882,100,100,75,50,1.2173,0.7609999999999999,0.0087
2017-01-17,127.870003,202.0,66.370003,6719,100,100,75,50,1.2377,0.7659,0.0089
2017-01-18,127.91999799999999,201.649994,66.68,6736,100,100,75,50,1.2361,0.7634,0.0089
2017-01-19,127.550003,202.600006,66.610001,6855,100,100,75,50,1.2327,0.7517,0.0087
2017-01-20,127.040001,198.300003,67.449997,6801,100,100,75,50,1.2319,0.7487,0.0087
2017-01-23,128.929993,195.0,67.33000200000001,6690,100,100,75,50,1.2478,0.7524,0.0088
2017-01-24,129.369995,192.149994,67.599998,6579,100,100,75,50,1.2498,0.7591,0.0088
2017-01-25,131.479996,188.449997,68.0,6706,100,100,75,50,1.2603,0.7641,0.0088
2017-01-26,132.779999,189.0,68.349998,6764,100,100,75,50,1.2586,0.7632,0.0087
2017-01-27,132.179993,206.550003,68.160004,6704,100,100,75,50,1.255,0.762,0.0087
2017-01-30,130.979996,197.800003,67.910004,6705,100,100,75,60,1.2497,0.7625,0.0088
2017-01-31,130.320007,194.600006,67.410004,6584,100,100,75,60,1.2553,0.7675,0.0089
2017-02-01,133.229996,195.25,67.410004,6546,100,100,75,60,1.2644,0.7649,0.0088
2017-02-02,130.83999599999999,196.850006,67.150002,6430,100,100,75,60,1.2545,0.7683,0.0089
2017-02-03,130.979996,197.300003,67.489998,6445,100,100,75,60,1.2495,0.7683,0.0089
2017-02-06,132.059998,193.050003,67.410004,6493,100,100,75,60,1.2459,0.7634,0.0089
2017-02-07,131.83999599999999,193.649994,67.589996,6346,100,100,75,60,1.2456,0.7595,0.0089
2017-02-08,134.199997,197.600006,67.730003,6385,100,100,75,60,1.2525,0.7601,0.0089
2017-02-09,134.139999,197.899994,68.190002,6255,100,100,75,60,1.2527,0.7618,0.0089
2017-02-10,134.190002,198.0,68.269997,6446,100,100,75,60,1.2479,0.7643,0.0088
2017-02-13,134.050003,196.75,68.43,6491,100,100,75,60,1.251,0.7644,0.0088
2017-02-14,133.850006,197.0,68.540001,6454,100,100,75,60,1.2467,0.7651,0.0088
2017-02-15,133.440002,196.850006,69.160004,6491,100,100,75,60,1.2439,0.7641,0.0087
2017-02-16,133.83999599999999,196.800003,69.269997,6457,100,100,75,75,1.2489,0.7659999999999999,0.0088
2017-02-17,133.529999,195.75,69.440002,6400,100,100,75,75,1.2427,0.7632,0.0089
2017-02-21,133.720001,191.350006,69.809998,6478,100,100,75,75,1.2452,0.7606,0.0088
2017-02-22,136.119995,193.399994,70.5,6503,100,100,75,75,1.2451,0.7587,0.0088
2017-02-23,135.360001,191.550003,70.190002,6498,100,100,75,75,1.2529,0.7628,0.0089
2017-02-24,135.440002,190.0,69.260002,6448,100,100,75,75,1.249,0.7637,0.0089
2017-02-27,136.41000400000001,189.100006,68.910004,6406,100,100,75,75,1.2444,0.7623,0.0089
2017-02-28,135.53999299999998,188.399994,68.459999,6365,100,100,75,75,1.2423,0.7548,0.0089
2017-03-01,137.419998,190.149994,69.5,6466,100,100,75,75,1.2306,0.7497,0.0088
2017-03-02,136.759995,188.800003,68.980003,6470,100,100,75,75,1.2269,0.747,0.0087
2017-03-03,137.169998,188.100006,69.620003,6455,100,100,75,75,1.2254,0.746,0.0087
2017-03-06,137.419998,190.300003,70.300003,6444,100,100,75,75,1.2248,0.746,0.0088
2017-03-07,137.300003,188.949997,70.059998,6430,100,100,75,75,1.2198,0.7453,0.0088
2017-03-08,137.720001,188.5,70.160004,6370,100,100,75,75,1.2163,0.7421,0.0087
2017-03-09,138.240005,186.399994,69.879997,6434,100,100,75,75,1.2172,0.74,0.0087
2017-03-10,138.78999299999998,188.800003,66.0,6520,100,100,75,75,1.2167,0.7427,0.0087
2017-03-13,139.600006,191.0,66.959999,6530,100,100,75,75,1.2229,0.7437,0.0087
2017-03-14,139.320007,188.25,66.389999,6454,100,100,75,75,1.2153,0.7416,0.0087
2017-03-15,139.720001,189.399994,65.949997,6475,100,100,75,75,1.2224,0.7447,0.0087
2017-03-16,139.990005,186.899994,66.32,6453,100,100,75,75,1.2357,0.7508,0.0088
2017-03-17,139.83999599999999,187.350006,66.050003,6377,100,100,75,75,1.2378,0.7498,0.0089
2017-03-21,138.509995,188.899994,64.839996,6373,100,100,75,75,1.2473,0.7509,0.0089
2017-03-22,139.58999599999999,185.850006,64.720001,6161,100,100,75,75,1.2466,0.7485,0.009000000000000001
2017-03-23,139.529999,189.600006,65.389999,6160,100,100,75,75,1.2514,0.7499,0.009000000000000001
2017-03-24,140.33999599999999,191.0,65.18,6229,100,100,75,75,1.2488,0.7477,0.009000000000000001
2017-03-27,140.320007,189.949997,65.129997,6158,100,100,75,75,1.258,0.7478,0.0091
2017-03-28,141.759995,191.199997,65.900002,6218,100,100,75,75,1.2504,0.7477,0.009000000000000001
2017-03-29,142.649994,190.25,66.129997,6124,100,100,75,75,1.2422,0.7483,0.009000000000000001
2017-03-30,142.41000400000001,189.0,66.220001,6111,100,100,75,75,1.2483,0.7517,0.009000000000000001
2017-03-31,142.050003,185.600006,66.610001,6042,100,100,75,75,1.2509,0.7513,0.009000000000000001
2017-04-03,142.279999,184.699997,66.989998,6046,100,100,75,75,1.2484,0.7472,0.009000000000000001
2017-04-04,141.729996,184.699997,67.260002,5984,100,100,75,75,1.2442,0.7449,0.009000000000000001
2017-04-05,141.850006,184.25,66.849998,5909,100,100,75,75,1.2479,0.7458,0.009000000000000001
2017-04-06,141.169998,185.199997,66.339996,5810,100,100,75,75,1.2474,0.7453,0.009000000000000001
2017-04-07,140.779999,189.699997,66.239998,5832,100,100,75,75,1.2392,0.7465,0.009000000000000001
2017-04-10,141.03999299999998,194.199997,66.41999799999999,5896,100,100,75,75,1.2414,0.7491,0.009000000000000001
2017-04-11,139.919998,195.600006,66.160004,5910,100,100,75,75,1.2469,0.7501,0.0091
2017-04-12,139.580002,184.399994,65.57,5798,100,100,75,75,1.2502,0.7519,0.0091
2017-04-13,139.389999,181.5,64.870003,5731,100,100,75,75,1.2519,0.7533,0.0092
2017-04-18,140.96000700000002,176.199997,65.93,5757,100,100,75,75,1.2772,0.7476,0.0092
2017-04-19,142.270004,175.600006,65.839996,5695,100,100,75,75,1.2805,0.7429,0.0092
2017-04-20,143.800003,174.199997,66.040001,5754,100,100,75,75,1.2815,0.7417,0.0092
2017-04-21,143.679993,173.800003,65.629997,5855,100,100,75,75,1.2791,0.7404,0.0092
2017-04-24,145.470001,176.949997,66.68,5887,100,150,75,75,1.2786,0.7412,0.0091
2017-04-25,146.490005,177.699997,66.800003,6000,100,150,75,75,1.2827,0.7357,0.009000000000000001
2017-04-26,146.559998,180.5,65.769997,6154,100,150,75,75,1.2835,0.7357,0.009000000000000001
2017-04-27,147.699997,182.5,64.16999799999999,6117,100,150,75,75,1.2897,0.7340000000000001,0.009000000000000001
2017-04-28,150.25,183.25,64.230003,6035,100,150,75,75,1.294,0.732,0.009000000000000001
2017-05-02,152.779999,183.0,63.700001,6143,100,150,75,75,1.2921,0.7289,0.0089
2017-05-08,151.059998,179.5,64.129997,6235,100,150,75,75,1.2943,0.7297,0.0089
2017-05-09,150.479996,181.050003,63.619999,6135,100,150,75,75,1.2931,0.7284,0.0088
2017-05-10,150.28999299999998,183.350006,63.889998999999996,6081,100,150,75,75,1.294,0.7314,0.0088
2017-05-11,150.03999299999998,180.350006,63.419998,6123,100,150,75,75,1.2877,0.7296,0.0088
2017-05-12,150.330002,178.850006,63.099998,6047,100,150,75,75,1.2878,0.7292,0.0088
2017-05-15,150.190002,178.149994,63.669998,6009,100,150,75,75,1.2907,0.7331,0.0088
2017-05-16,149.779999,178.449997,63.130001,6093,100,150,75,75,1.2909,0.7355,0.0088
2017-05-17,144.850006,182.300003,62.259997999999996,6034,100,150,75,75,1.2956,0.7345,0.009000000000000001
2017-05-18,147.66000400000001,184.0,62.529999,5930,100,150,75,75,1.2988,0.7347,0.009000000000000001
2017-05-19,148.059998,182.5,63.049999,5965,100,150,75,75,1.3025,0.7383,0.009000000000000001
2017-05-23,148.070007,182.600006,63.57,6000,100,150,75,75,1.2981,0.7413,0.009000000000000001
2017-05-24,150.03999299999998,183.949997,63.040001000000004,6001,100,150,75,75,1.2948,0.7429,0.0089
2017-05-25,151.96000700000002,186.75,64.010002,5985,100,150,75,75,1.295,0.7433,0.0089
2017-05-26,152.130005,186.800003,64.25,5941,100,150,75,75,1.2805,0.7432,0.009000000000000001
2017-05-30,152.380005,185.350006,64.440002,5981,100,150,75,75,1.2858,0.7424,0.009000000000000001
2017-05-31,151.46000700000002,183.699997,64.400002,5932,100,150,75,75,1.2879,0.7407,0.009000000000000001
2017-06-01,151.529999,183.649994,64.699997,5989,100,150,75,75,1.2883,0.7407,0.009000000000000001
2017-06-02,153.610001,182.550003,64.839996,6092,100,150,75,75,1.2878,0.7405,0.009000000000000001
2017-06-05,153.630005,182.199997,64.589996,5968,100,150,75,75,1.2917,0.7417,0.009000000000000001
2017-06-06,152.809998,181.649994,64.18,5910,100,150,75,75,1.2892,0.7429,0.0091
2017-06-07,153.119995,178.399994,64.290001,5902,100,150,75,75,1.2942,0.7412,0.0091
2017-06-08,154.71000700000002,179.949997,65.059998,5806,100,150,75,75,1.2933,0.7406,0.0091
2017-06-09,149.600006,180.75,65.690002,5838,100,150,75,75,1.273,0.7433,0.009000000000000001
2017-06-12,148.440002,183.449997,65.279999,5880,100,150,75,75,1.2659,0.7454,0.0091
2017-06-13,150.679993,185.300003,65.190002,5874,100,150,75,75,1.2739,0.7554,0.0091
2017-06-14,150.25,185.899994,64.709999,5859,100,150,75,75,1.2781,0.7571,0.0091
2017-06-15,149.800003,179.949997,64.989998,5794,100,150,75,75,1.2755,0.7528,0.009000000000000001
2017-06-16,150.639999,171.100006,65.050003,5794,100,150,75,75,1.2783,0.7557,0.009000000000000001
2017-06-19,152.869995,171.050003,65.459999,5787,100,150,75,75,1.2748,0.7564,0.009000000000000001
2017-06-20,152.25,168.100006,65.110001,5809,100,150,75,75,1.263,0.7537,0.009000000000000001
2017-06-21,153.91000400000001,167.899994,65.0,5840,100,150,75,75,1.2670000000000001,0.7513,0.009000000000000001
2017-06-22,153.399994,166.5,65.279999,5877,100,150,75,75,1.2667,0.7552,0.009000000000000001
2017-06-23,155.070007,166.550003,65.269997,5860,100,150,75,75,1.2725,0.7537,0.009000000000000001
2017-06-26,153.58999599999999,166.494995,65.209999,5838,100,150,75,75,1.2727,0.7554,0.009000000000000001
2017-06-27,150.580002,168.830002,65.260002,5876,100,150,75,75,1.2784,0.7583,0.0089
2017-06-28,153.240005,171.75,65.690002,5904,100,150,75,75,1.2915,0.7657,0.0089
2017-06-29,151.03999299999998,172.0,65.470001,5910,100,150,75,75,1.2987,0.7683,0.0089
2017-06-30,150.979996,168.800003,65.349998,5893,100,150,75,75,1.2994,0.7706,0.0089
2017-07-05,150.33999599999999,173.449997,65.83000200000001,6154,100,150,75,75,1.2921,0.7703,0.0088
2017-07-06,148.820007,171.600006,65.150002,6134,100,150,75,75,1.2956,0.7724,0.0088
2017-07-07,151.440002,170.5,65.120003,6157,100,150,75,75,1.2884,0.7759999999999999,0.0088
2017-07-10,153.5,171.050003,65.309998,6187,100,150,75,75,1.2879,0.7759,0.0088
2017-07-11,155.270004,171.050003,65.139999,6263,100,150,75,75,1.2856,0.774,0.0088
2017-07-12,158.899994,170.699997,65.160004,6225,100,150,75,75,1.2887,0.7816,0.0088
2017-07-13,159.259995,172.699997,65.279999,6210,100,150,75,75,1.2934,0.7847,0.0088
2017-07-14,159.970001,173.5,65.16999799999999,6258,100,150,75,75,1.3063,0.7891,0.0089
2017-07-17,159.729996,174.449997,64.860001,6258,100,150,75,75,1.3062,0.7893,0.0089
2017-07-18,162.860001,174.25,65.089996,6180,100,150,75,75,1.3034,0.7919,0.0089
2017-07-19,164.139999,174.600006,65.209999,6128,100,150,75,75,1.3030000000000002,0.794,0.0089
2017-07-20,164.529999,175.399994,65.480003,6150,100,150,75,75,1.2972,0.7946,0.0089
2017-07-21,164.429993,175.199997,65.349998,6126,100,150,75,75,1.2987,0.7969,0.009000000000000001
2017-07-24,166.0,172.75,65.019997,6079,100,150,75,75,1.3030000000000002,0.7992,0.009000000000000001
2017-07-25,165.279999,174.0,64.989998,6107,100,150,75,75,1.3048,0.7996,0.009000000000000001
2017-07-26,165.610001,173.800003,64.610001,6186,100,150,75,75,1.306,0.7997,0.0089
2017-07-27,170.440002,175.699997,64.230003,6250,100,150,75,75,1.3093,0.7987,0.009000000000000001
2017-07-28,172.449997,173.300003,64.07,6228,100,150,75,75,1.3118,0.8034,0.009000000000000001
2017-07-31,169.25,174.199997,64.269997,6234,100,150,75,75,1.3166,0.8009999999999999,0.0091
2017-08-01,169.860001,175.949997,64.18,6300,100,150,75,75,1.3216,0.7991,0.0091
2017-08-02,169.300003,178.199997,64.470001,6300,100,150,75,75,1.3232,0.7962,0.009000000000000001
2017-08-03,168.58999599999999,180.0,64.019997,6225,100,150,75,75,1.3133,0.795,0.0091
2017-08-04,169.619995,180.149994,64.190002,6216,100,150,75,75,1.3052,0.7913,0.009000000000000001
2017-08-08,171.229996,179.449997,64.470001,6336,100,150,75,75,1.2988,0.7891,0.0091
2017-08-09,171.179993,180.149994,64.449997,6236,100,150,75,75,1.2994,0.7871,0.0091
2017-08-10,167.399994,177.0,63.799999,6275,100,150,75,75,1.2986,0.7867,0.0091
2017-08-11,168.080002,177.199997,63.560001,6275,100,150,75,75,1.2995,0.7883,0.0092
2017-08-14,170.75,176.25,64.07,6180,100,150,75,75,1.2974,0.7871,0.0091
2017-08-15,171.0,177.199997,64.18,6275,100,150,75,75,1.2863,0.784,0.009000000000000001
2017-08-16,170.0,180.100006,63.950001,6194,100,150,75,75,1.2865,0.7875,0.009000000000000001
2017-08-17,166.91000400000001,178.850006,63.73,6175,100,150,75,75,1.2881,0.7907,0.0091
2017-08-18,167.41000400000001,176.550003,63.73,6125,100,150,75,75,1.2869,0.7945,0.0092
2017-08-21,167.779999,176.949997,64.410004,6163,100,150,75,75,1.29,0.7952,0.0092
2017-08-22,169.639999,184.199997,64.279999,6138,100,150,75,75,1.2828,0.7967,0.0091
2017-08-23,168.71000700000002,187.100006,64.510002,6173,100,150,75,75,1.2797,0.7959,0.0092
2017-08-24,167.740005,187.449997,64.769997,6107,100,150,75,75,1.2808,0.7981,0.0091
2017-08-25,166.320007,184.199997,64.82,6158,100,150,75,75,1.2866,0.8005,0.0091
2017-08-29,168.050003,180.850006,64.709999,6090,100,150,75,75,1.2936,0.799,0.0092
2017-08-30,169.919998,182.399994,64.900002,6151,100,150,75,75,1.2921,0.7933,0.0091
2017-08-31,171.970001,180.899994,67.059998,6183,100,150,75,75,1.2892,0.7977,0.0091
2017-09-01,172.020004,183.100006,67.5,6182,100,150,75,75,1.2962,0.8071,0.0091
2017-09-05,170.720001,184.699997,66.940002,6219,100,150,75,75,1.3009,0.8083,0.0092
2017-09-06,172.08999599999999,186.0,66.559998,6165,100,150,75,75,1.3053,0.8154,0.0092
2017-09-07,173.21000700000002,186.449997,66.260002,6235,100,150,75,75,1.3088,0.8232,0.0092
2017-09-08,170.949997,187.75,66.129997,6220,100,150,75,75,1.32,0.8243,0.0093
2017-09-11,173.509995,186.149994,66.400002,6296,100,150,75,75,1.3183,0.8245,0.0092
2017-09-12,172.96000700000002,185.050003,66.68,6361,100,150,75,75,1.3274,0.8224,0.0091
2017-09-13,173.050003,181.649994,67.07,6417,100,150,75,75,1.3226,0.8205,0.0091
2017-09-14,170.96000700000002,183.25,67.269997,6431,100,150,75,75,1.3379,0.8198,0.009000000000000001
2017-09-15,171.639999,181.5,67.449997,6480,100,150,75,75,1.3578,0.8209,0.009000000000000001
2017-09-18,170.009995,183.850006,67.489998,6480,100,150,75,75,1.3515,0.8171,0.009000000000000001
2017-09-19,172.520004,185.75,67.900002,6729,100,150,75,75,1.3511,0.8145,0.009000000000000001
2017-09-20,172.169998,186.5,68.540001,6703,100,150,75,75,1.3544,0.8148,0.009000000000000001
2017-09-21,171.110001,183.399994,69.010002,6738,100,150,75,75,1.3546,0.8104,0.0089
2017-09-22,170.53999299999998,183.850006,69.129997,6733,100,150,75,75,1.3534,0.8119,0.0089
2017-09-25,162.869995,182.949997,69.599998,6784,100,150,75,75,1.3484,0.8103,0.0089
2017-09-26,164.21000700000002,184.699997,69.379997,6815,100,150,75,75,1.3436,0.8084,0.0089
2017-09-27,167.679993,187.199997,70.290001,6748,100,150,75,100,1.3399,0.8057,0.0089
2017-09-28,168.729996,185.050003,70.209999,6769,100,150,75,100,1.3436,0.8032,0.0089
2017-09-29,170.869995,187.149994,70.25,6710,100,150,75,100,1.3394,0.8013,0.0089
2017-10-02,169.470001,186.649994,71.239998,6701,100,150,75,100,1.3275,0.7997,0.0089
2017-10-03,169.96000700000002,190.050003,71.66999799999999,6747,100,150,75,100,1.3246,0.8,0.0089
2017-10-04,168.419998,183.949997,71.400002,6730,100,150,75,100,1.3265,0.8013,0.0089
2017-10-05,171.240005,186.600006,70.68,6784,100,150,75,100,1.3130000000000002,0.7969,0.0089
2017-10-06,172.229996,188.399994,70.400002,6889,100,150,75,100,1.3055,0.7969,0.0089
2017-10-10,171.58999599999999,187.350006,71.059998,7000,100,150,75,100,1.3202,0.7999,0.0089
2017-10-11,172.740005,187.199997,71.110001,6932,100,150,75,100,1.3207,0.8001,0.0089
2017-10-12,172.550003,185.600006,70.989998,6925,100,150,75,100,1.3206,0.8018,0.0089
2017-10-13,173.740005,186.0,71.08000200000001,6897,100,150,75,100,1.3299,0.8008,0.0089
2017-10-16,174.520004,186.149994,71.019997,6881,100,150,75,100,1.3271,0.7981,0.0089
2017-10-17,176.110001,186.050003,71.209999,6935,100,150,75,100,1.318,0.7969,0.0089
2017-10-18,176.029999,187.149994,71.449997,6986,100,150,75,100,1.3182,0.8009,0.0089
2017-10-19,174.559998,187.350006,71.959999,6980,100,150,75,100,1.3171,0.8014,0.0089
2017-10-20,174.979996,188.899994,71.66999799999999,6999,100,150,75,100,1.3185,0.7936,0.0088
2017-10-23,171.270004,187.5,71.489998,6981,100,150,75,100,1.3194,0.7909,0.0088
2017-10-24,171.800003,186.800003,71.900002,7028,100,150,75,100,1.3138,0.7895,0.0088
2017-10-25,170.600006,185.550003,72.139999,6988,100,150,75,100,1.3252,0.7829999999999999,0.0088
2017-10-26,170.630005,186.149994,72.43,7032,100,150,75,100,1.3177,0.7794,0.0088
2017-10-27,177.880005,185.5,72.769997,7073,100,150,75,100,1.311,0.7768,0.0088
2017-10-30,179.869995,181.899994,72.839996,7077,100,150,75,100,1.3195,0.779,0.0088
2017-10-31,180.059998,181.399994,73.339996,6990,100,150,75,100,1.3259,0.7756,0.0088
2017-11-01,182.66000400000001,178.449997,73.160004,7038,100,150,75,100,1.3271,0.7761,0.0088
2017-11-02,178.919998,179.600006,73.41999799999999,7155,100,150,75,100,1.3085,0.7799,0.0088
2017-11-03,178.919998,179.100006,73.279999,7155,100,150,75,100,1.3078,0.7835,0.0088
2017-11-06,180.169998,176.550003,73.239998,7169,100,150,75,100,1.3137,0.7846,0.0088
2017-11-07,180.25,176.0,73.470001,7183,100,150,75,100,1.3145,0.7822,0.0088
2017-11-08,179.559998,176.850006,73.290001,7254,100,150,75,100,1.3105,0.7856,0.0088
2017-11-09,179.300003,176.800003,72.980003,7166,100,150,75,100,1.3131,0.7879,0.0088
2017-11-10,178.46000700000002,176.600006,72.699997,7108,100,150,75,100,1.3203,0.7885,0.0088
2017-11-14,178.070007,188.050003,72.889999,7132,100,150,75,100,1.3139,0.7854,0.0088
2017-11-15,177.949997,183.649994,72.889999,6960,100,150,75,100,1.3168,0.7829,0.0089
2017-11-16,179.58999599999999,184.350006,73.220001,6962,100,150,75,100,1.3192,0.7846,0.0089
2017-11-17,179.0,184.699997,73.550003,6917,100,150,75,100,1.3207,0.7823,0.0089
2017-11-20,178.740005,187.0,73.82,6931,100,150,75,100,1.3241,0.7817,0.0089
2017-11-21,181.860001,189.0,74.260002,7028,100,150,75,100,1.324,0.7826,0.0089
2017-11-22,180.869995,194.399994,74.510002,7079,100,150,75,100,1.3288,0.7856,0.009000000000000001
2017-11-24,182.779999,192.600006,73.989998,7023,100,150,75,100,1.3336,0.7869,0.009000000000000001
2017-11-27,183.029999,192.850006,74.110001,7026,100,150,75,100,1.334,0.7852,0.009000000000000001
2017-11-28,182.419998,195.199997,74.349998,7038,100,150,75,100,1.3296,0.7808,0.009000000000000001
2017-11-29,175.130005,198.0,75.050003,7052,100,150,75,100,1.3417,0.778,0.0089
2017-11-30,177.179993,194.050003,73.239998,7044,100,150,75,100,1.3504,0.7759,0.0089
2017-12-01,175.100006,195.5,73.32,7051,100,150,75,100,1.3486,0.7856,0.0089
2017-12-04,171.470001,195.149994,73.400002,7008,100,150,75,100,1.3482,0.7877,0.0089
2017-12-05,172.830002,201.0,72.43,6997,100,150,75,100,1.3438,0.7886,0.0089
2017-12-06,176.059998,203.399994,72.410004,6878,100,150,75,100,1.3379,0.7839,0.0089
2017-12-07,180.139999,203.649994,72.610001,6932,100,150,75,100,1.3428,0.7786,0.0089
2017-12-08,179.0,204.550003,72.849998,7017,100,150,75,100,1.3397,0.7776,0.0088
2017-12-11,179.03999299999998,205.5,72.639999,7047,100,150,75,100,1.3354,0.778,0.0088
2017-12-12,176.96000700000002,205.649994,72.739998,7041,100,150,75,100,1.3325,0.7769,0.0088
2017-12-13,178.300003,209.462006,72.370003,7080,100,150,75,100,1.3368,0.7781,0.0088
2017-12-14,178.389999,206.949997,71.699997,7096,100,150,75,100,1.3427,0.7809,0.0089
2017-12-15,180.179993,207.300003,71.83000200000001,6966,100,150,75,100,1.3326,0.7792,0.0089
2017-12-18,180.820007,206.050003,72.489998,7162,100,150,75,100,1.3394,0.7773,0.0089
2017-12-19,179.509995,206.0,72.519997,7194,100,150,75,100,1.3365,0.7759999999999999,0.0089
2017-12-20,177.889999,206.149994,72.480003,7250,100,150,75,100,1.3402,0.7787,0.0088
2017-12-21,177.449997,207.5,72.849998,7288,100,150,75,100,1.3367,0.7853,0.0088
2017-12-22,177.199997,206.75,72.989998,7282,100,150,75,100,1.3376,0.7838,0.0088
2017-12-27,177.619995,209.100006,73.349998,7274,100,150,75,100,1.3406,0.7911,0.0088
2017-12-28,177.919998,208.399994,73.400002,7221,100,150,75,100,1.3445,0.7944,0.0089
2017-12-29,176.46000700000002,209.25,73.650002,7213,100,150,75,100,1.3519999999999999,0.7971,0.0089
2018-01-02,181.419998,208.5,73.709999,7213,100,150,75,100,1.3578,0.7989,0.0089
2018-01-03,184.669998,209.600006,74.16999799999999,7213,100,150,75,100,1.3525,0.7979,0.0089
2018-01-04,184.330002,211.19999700000002,74.790001,7413,100,200,75,100,1.3545,0.799,0.0089
2018-01-05,186.850006,209.699997,74.900002,7552,100,200,75,100,1.3563,0.8063,0.0088
2018-01-08,188.279999,214.30000299999998,74.730003,7552,100,200,75,100,1.3559,0.805,0.0088
2018-01-09,187.869995,214.399994,73.93,7541,100,200,75,100,1.3524,0.8029999999999999,0.0089
2018-01-10,187.83999599999999,211.899994,73.970001,7706,100,200,75,100,1.3519,0.8003,0.009000000000000001
2018-01-11,187.770004,202.300003,73.660004,7629,100,200,75,100,1.3533,0.7978,0.009000000000000001
2018-01-12,179.369995,204.899994,73.370003,7578,100,200,75,100,1.3692,0.7997,0.009000000000000001
2018-01-16,178.389999,211.80000299999998,73.32,7733,100,200,75,150,1.3776,0.8052,0.009000000000000001
2018-01-17,177.600006,212.0,73.480003,7782,100,200,75,150,1.3842,0.8048,0.009000000000000001
2018-01-18,179.800003,209.699997,73.760002,7698,100,200,75,150,1.3882,0.8035,0.009000000000000001
2018-01-19,181.28999299999998,207.800003,74.08000200000001,7739,100,200,125,150,1.3865,0.8026,0.009000000000000001
2018-01-22,185.369995,207.0,74.410004,7679,100,200,125,150,1.3948,0.8027,0.009000000000000001
2018-01-23,189.350006,209.600006,74.459999,7740,100,200,125,150,1.3983,0.8029999999999999,0.0091
2018-01-24,186.550003,208.899994,74.040001,7673,100,200,125,150,1.4205,0.8103,0.0092
2018-01-25,187.479996,209.699997,74.43,7594,100,200,125,150,1.4248,0.8115,0.0092
2018-01-26,190.0,211.5,74.050003,7608,100,200,125,150,1.4189,0.8116,0.0092
2018-01-29,185.979996,210.80000299999998,74.25,7643,100,200,125,150,1.4067,0.8107,0.0092
2018-01-30,187.119995,209.399994,74.610001,7629,100,200,125,150,1.4136,0.8112,0.0092
2018-01-31,186.889999,209.0,74.82,7480,100,200,125,150,1.4181,0.8135,0.0092
2018-02-01,193.08999599999999,206.300003,74.57,7618,200,200,125,150,1.4239,0.8138,0.0091
2018-02-02,190.279999,202.199997,73.940002,7626,200,200,125,150,1.4145,0.8078,0.0091
2018-02-05,181.259995,198.75,71.790001,7501,200,200,125,150,1.4015,0.8011,0.0091
2018-02-06,185.309998,199.899994,71.68,7286,200,200,125,150,1.3924,0.7981,0.0091
2018-02-07,180.179993,202.5,71.709999,7372,200,200,125,150,1.3888,0.7971,0.0091
2018-02-08,171.580002,202.399994,71.07,7551,200,200,125,150,1.3963,0.7946,0.0092
2018-02-09,176.110001,199.300003,70.809998,7465,200,200,125,150,1.3806,0.7931,0.0092
2018-02-12,176.41000400000001,201.600006,71.339996,7465,200,200,125,150,1.3822,0.7935,0.0092
2018-02-13,173.149994,203.100006,71.389999,7276,200,200,125,150,1.3883,0.7937,0.0093
2018-02-14,179.520004,202.199997,72.32,7122,200,200,125,150,1.3940000000000001,0.7961,0.0093
2018-02-15,179.96000700000002,203.699997,72.809998,7142,200,200,125,150,1.4071,0.7996,0.0094
2018-02-16,177.360001,204.600006,72.550003,7208,200,200,125,150,1.4033,0.7974,0.0094
2018-02-20,176.009995,206.5,72.489998,7291,200,200,125,150,1.3996,0.7923,0.0093
2018-02-21,177.91000400000001,207.300003,73.290001,7300,200,200,125,150,1.395,0.7892,0.0093
2018-02-22,178.990005,206.300003,73.209999,7235,200,200,125,150,1.3944,0.7868,0.0094
2018-02-23,183.28999299999998,205.399994,73.970001,7283,200,200,125,150,1.3977,0.7894,0.0094
2018-02-26,184.929993,206.0,74.559998,7323,200,200,125,150,1.3967,0.7883,0.0093
2018-02-27,181.46000700000002,207.100006,75.239998,7379,200,200,125,150,1.3912,0.7849,0.0093
2018-02-28,178.320007,210.80000299999998,74.0,7235,200,200,125,150,1.3793,0.7807,0.0094
2018-03-01,175.940002,208.600006,74.91999799999999,7084,200,200,125,150,1.3747,0.7781,0.0094
2018-03-02,176.619995,202.0,74.629997,6916,200,200,125,150,1.3778,0.7757,0.0095
2018-03-05,180.399994,204.0,75.349998,6814,200,200,125,150,1.3834,0.7706,0.0094
2018-03-06,179.779999,211.0,75.629997,6882,200,200,125,150,1.3893,0.7753,0.0094
2018-03-07,183.71000700000002,211.30000299999998,75.83000200000001,6797,200,200,125,150,1.3887,0.7724,0.0094
2018-03-08,182.33999599999999,209.899994,75.91999799999999,6815,200,200,125,150,1.3835,0.7736,0.0094
2018-03-09,185.229996,212.69999700000002,75.83000200000001,6791,200,200,125,150,1.3854,0.7788,0.0094
2018-03-12,184.759995,211.80000299999998,75.699997,6958,200,200,125,150,1.3895,0.7794,0.0094
2018-03-13,181.880005,211.0,75.66999799999999,6969,200,200,125,150,1.3965,0.7745,0.0094
2018-03-14,184.190002,210.30000299999998,75.720001,6939,200,200,125,150,1.3963,0.7726,0.0094
2018-03-15,183.860001,214.0,76.120003,6931,200,200,125,150,1.395,0.7673,0.0094
2018-03-16,185.08999599999999,209.80000299999998,75.91999799999999,6884,200,200,125,150,1.3934,0.7641,0.0094
2018-03-19,172.559998,206.600006,75.690002,6827,200,200,125,150,1.4046,0.7646,0.0094
2018-03-20,168.149994,206.899994,76.32,6853,200,200,125,150,1.4003,0.7647,0.0094
2018-03-21,169.389999,205.800003,76.32,6853,200,200,125,150,1.4079,0.7717,0.0094
2018-03-22,164.889999,202.600006,74.910004,6846,200,200,125,150,1.4113,0.7747,0.0095
2018-03-23,159.389999,202.899994,73.209999,6603,200,200,125,150,1.4147,0.7778,0.0095
2018-03-26,160.059998,202.699997,73.389999,6642,200,200,125,150,1.4222,0.7759999999999999,0.0095
2018-03-27,152.220001,205.5,72.589996,6891,200,200,125,150,1.4145,0.7771,0.0095
2018-03-28,153.029999,205.600006,72.440002,6862,200,200,125,150,1.4103,0.7751,0.0094
2018-03-29,159.78999299999998,205.899994,73.110001,6842,200,200,125,150,1.4042,0.7756,0.0094
2018-04-03,156.110001,203.5,71.889999,6730,200,200,125,150,1.4056,0.7805,0.0094
2018-04-04,155.100006,200.800003,71.589996,6739,200,200,125,150,1.4073,0.7807,0.0094
2018-04-05,159.33999599999999,202.899994,72.230003,6750,200,200,125,150,1.4004,0.7827,0.0093
2018-04-06,157.199997,204.699997,71.33000200000001,6728,200,200,125,150,1.4076,0.7835,0.0093
2018-04-09,157.929993,205.600006,70.970001,6741,200,200,125,150,1.4135,0.7856,0.0093
2018-04-10,165.03999299999998,210.30000299999998,70.839996,6838,200,200,125,150,1.4169999999999998,0.7925,0.0093
2018-04-11,166.320007,225.399994,70.290001,6845,200,200,125,150,1.4189,0.7947,0.0094
2018-04-12,163.869995,233.19999700000002,70.269997,6873,200,200,125,150,1.422,0.7939,0.0093
2018-04-13,164.520004,233.600006,69.900002,6910,200,200,125,150,1.4252,0.7938,0.0093
2018-04-16,164.830002,233.69999700000002,69.760002,6936,200,200,125,150,1.4324,0.795,0.0093
2018-04-17,168.66000400000001,235.899994,69.940002,6892,200,200,125,150,1.4304,0.7967,0.0093
2018-04-18,166.360001,239.30000299999998,69.970001,6937,200,200,125,150,1.4219,0.7928,0.0093
2018-04-19,168.100006,239.69999700000002,69.5,6923,200,200,125,150,1.4176,0.7916,0.0093
2018-04-20,166.279999,239.399994,70.190002,6957,200,200,125,150,1.403,0.7857,0.0093
2018-04-23,165.83999599999999,239.80000299999998,70.709999,6970,200,200,125,150,1.3948,0.7792,0.0092
2018-04-24,159.690002,238.399994,71.029999,7110,200,200,125,150,1.3971,0.7795,0.0092
2018-04-25,159.690002,239.399994,71.290001,7168,200,200,125,150,1.3939,0.7771,0.0092
2018-04-26,174.16000400000001,237.5,72.150002,7169,200,200,125,150,1.3941,0.7775,0.0092
2018-04-27,173.58999599999999,238.100006,72.260002,7181,200,200,125,150,1.3780000000000001,0.7778,0.0092
2018-04-30,172.0,235.899994,72.110001,7181,200,200,125,150,1.3755,0.7791,0.0091
2018-05-01,173.860001,235.0,72.300003,7195,200,200,125,150,1.3626,0.7772,0.0091
2018-05-02,176.070007,236.600006,72.809998,7165,200,200,125,150,1.3612,0.7781,0.0091
2018-05-03,174.020004,239.100006,72.639999,7165,200,200,125,150,1.3576,0.7775,0.0092
2018-05-04,176.610001,240.69999700000002,72.93,7165,200,200,125,200,1.3535,0.7775,0.0092
2018-05-08,178.919998,239.899994,73.529999,7155,200,200,125,200,1.3524,0.7714,0.0092
2018-05-09,182.66000400000001,241.80000299999998,74.239998,7424,200,200,125,200,1.357,0.7778,0.0091
2018-05-10,185.529999,244.19999700000002,74.279999,7592,200,200,125,200,1.3508,0.7828,0.0091
2018-05-11,186.990005,246.600006,74.66999799999999,7543,200,200,125,200,1.3556,0.7825,0.0091
2018-05-14,186.639999,245.80000299999998,75.08000200000001,7560,200,200,125,200,1.3581,0.7828,0.0091
2018-05-15,184.320007,246.899994,75.389999,7514,200,200,125,200,1.35,0.7766,0.0091
2018-05-16,183.199997,246.600006,75.529999,7551,200,200,125,200,1.3488,0.7807,0.0091
2018-05-17,183.759995,247.600006,75.589996,7555,200,200,125,200,1.3509,0.7812,0.009000000000000001
2018-05-18,182.679993,245.80000299999998,75.599998,7571,200,200,125,200,1.3477,0.7764,0.009000000000000001
2018-05-22,183.800003,247.5,75.849998,7527,200,200,125,200,1.3435,0.7821,0.009000000000000001
2018-05-23,186.899994,246.30000299999998,75.5,7435,200,200,125,200,1.334,0.7766,0.0091
2018-05-24,185.929993,245.600006,75.83000200000001,7208,200,200,125,200,1.3389,0.7757,0.0091
2018-05-25,184.919998,245.80000299999998,76.400002,7115,200,200,125,200,1.3319999999999999,0.7708,0.0091
2018-05-29,185.740005,245.5,75.449997,6976,200,200,125,200,1.3259999999999998,0.768,0.0092
2018-05-30,187.669998,244.600006,75.699997,6841,200,200,125,200,1.3286,0.7754,0.0092
2018-05-31,191.779999,245.69999700000002,75.699997,6921,200,200,125,200,1.3301,0.7723,0.0092
2018-06-01,193.990005,245.899994,75.019997,7122,200,200,125,200,1.3338,0.7714,0.0091
2018-06-04,193.279999,247.19999700000002,75.18,7401,200,200,125,200,1.3335,0.7735,0.0091
2018-06-05,192.940002,247.19999700000002,75.160004,7345,200,200,125,200,1.3373,0.7696,0.0091
2018-06-06,191.33999599999999,246.899994,75.410004,7474,200,200,125,200,1.3418,0.7744,0.0091
2018-06-07,188.179993,247.899994,75.620003,7527,200,200,125,200,1.3417,0.7709,0.0091
2018-06-08,189.100006,247.899994,75.199997,7480,200,200,125,200,1.3399,0.7715,0.0091
2018-06-11,191.53999299999998,249.100006,75.260002,7492,200,200,125,200,1.3381,0.7696,0.0091
2018-06-12,192.399994,249.5,75.720001,7397,200,200,125,200,1.3379,0.769,0.0091
2018-06-13,192.41000400000001,248.80000299999998,75.949997,7496,200,200,125,200,1.3363,0.7699,0.0091
2018-06-14,196.809998,249.80000299999998,76.199997,7429,200,200,125,200,1.3315,0.7662,0.0091
2018-06-15,195.850006,254.80000299999998,75.629997,7562,200,200,125,200,1.328,0.7589,0.009000000000000001
2018-06-18,198.309998,256.299988,76.050003,7530,200,200,125,200,1.3243,0.7571,0.009000000000000001
2018-06-19,197.490005,256.0,75.970001,7470,200,200,125,200,1.3173,0.7532,0.0091
2018-06-20,202.0,259.399994,76.739998,7448,200,200,125,200,1.3188,0.7518,0.0091
2018-06-21,201.5,256.0,76.980003,7396,200,200,125,200,1.3247,0.7513,0.0091
2018-06-22,201.740005,261.700012,77.0,7199,200,200,125,200,1.3268,0.7514,0.0091
2018-06-25,196.350006,261.100006,76.300003,7091,200,200,125,200,1.3275,0.7517,0.0091
2018-06-26,199.0,257.200012,76.529999,7081,200,200,125,200,1.3232,0.7515,0.0091
2018-06-27,195.83999599999999,256.799988,76.0,7039,200,200,125,200,1.3146,0.7515,0.0091
2018-06-28,196.229996,257.100006,75.779999,7116,200,200,125,200,1.3084,0.7537,0.0091
2018-06-29,194.320007,256.700012,76.089996,7170,200,200,125,200,1.3181,0.7594,0.009000000000000001
2018-07-03,192.729996,258.600006,76.139999,7075,200,200,125,200,1.318,0.7602,0.009000000000000001
2018-07-05,198.449997,259.5,75.66999799999999,7086,200,200,125,200,1.3227,0.7617,0.009000000000000001
2018-07-06,203.229996,260.100006,75.980003,7162,200,200,125,200,1.3264,0.7631,0.009000000000000001
2018-07-09,204.740005,259.899994,75.879997,7210,200,200,125,200,1.3269,0.7635,0.009000000000000001
2018-07-10,203.53999299999998,254.69999700000002,76.199997,7151,200,200,125,200,1.3266,0.7619,0.009000000000000001
2018-07-11,202.53999299999998,254.600006,76.019997,7132,200,200,125,200,1.3235,0.7604,0.009000000000000001
2018-07-12,206.919998,255.399994,76.349998,7234,200,200,125,200,1.3219999999999998,0.7595,0.0089
2018-07-13,207.320007,255.399994,75.949997,7278,200,200,125,200,1.3201,0.7592,0.0089
2018-07-16,207.229996,254.80000299999998,76.089996,7278,200,200,125,200,1.3244,0.7612,0.0089
2018-07-17,209.99000499999997,256.5,76.139999,7373,200,200,125,200,1.3149,0.7583,0.0089
2018-07-18,209.360001,256.399994,76.040001,7473,200,200,125,200,1.3053,0.7573,0.0089
2018-07-19,208.08999599999999,257.799988,76.32,7457,200,200,125,200,1.2999,0.7544,0.0089
2018-07-20,209.940002,258.799988,76.010002,7440,200,200,125,200,1.3111,0.7609,0.0089
2018-07-23,210.91000400000001,257.899994,76.099998,7311,200,200,125,200,1.3112,0.7601,0.009000000000000001
2018-07-24,214.669998,256.0,76.129997,7365,200,200,125,200,1.3137,0.7601,0.009000000000000001
2018-07-25,217.5,257.5,76.879997,7323,200,200,125,200,1.3159,0.7641,0.009000000000000001
2018-07-26,176.259995,257.5,76.57,7384,200,200,125,200,1.3135,0.7654,0.009000000000000001
2018-07-27,174.889999,257.600006,76.75,7456,200,200,125,200,1.3111,0.7656,0.009000000000000001
2018-07-30,171.059998,255.899994,76.849998,7493,200,200,125,200,1.3136,0.768,0.009000000000000001
2018-07-31,172.580002,260.299988,77.16999799999999,7305,200,200,125,200,1.3128,0.7682,0.0089
2018-08-01,171.649994,257.799988,77.160004,7399,200,200,125,200,1.3124,0.7691,0.0089
2018-08-02,176.369995,257.600006,77.150002,7282,200,200,125,200,1.3034,0.7684,0.009000000000000001
2018-08-03,177.779999,259.5,76.910004,7220,200,200,125,200,1.3013,0.7702,0.009000000000000001
2018-08-07,183.809998,260.0,76.650002,7146,200,200,125,200,1.2947,0.7679,0.009000000000000001
2018-08-08,185.179993,262.100006,77.160004,7061,200,200,125,200,1.2879,0.7662,0.009000000000000001
2018-08-09,183.08999599999999,265.0,77.779999,6990,200,200,125,200,1.2865,0.7669,0.009000000000000001
2018-08-10,180.259995,266.200012,77.389999,6951,200,200,125,200,1.2761,0.7626,0.009000000000000001
2018-08-13,180.050003,262.799988,77.510002,6805,200,200,125,200,1.2763,0.7613,0.009000000000000001
2018-08-14,181.110001,260.0,78.18,6864,200,200,125,200,1.274,0.7641,0.009000000000000001
2018-08-15,179.529999,254.5,77.809998,6815,200,200,125,200,1.2691,0.7612,0.009000000000000001
2018-08-16,174.699997,256.200012,78.370003,6775,200,200,125,200,1.2714,0.7603,0.009000000000000001
2018-08-17,173.800003,256.5,78.699997,6803,200,200,125,200,1.2733,0.7645,0.0091
2018-08-20,172.5,255.899994,78.75,6760,200,200,125,200,1.2775,0.7654,0.0091
2018-08-21,172.619995,255.0,78.660004,6724,200,200,125,200,1.2871,0.7671,0.0091
2018-08-22,173.639999,256.100006,78.809998,6879,200,200,125,200,1.2915,0.7683,0.0091
2018-08-23,172.899994,253.69999700000002,78.639999,6802,200,200,125,200,1.2834,0.7655,0.009000000000000001
2018-08-24,174.649994,254.600006,78.5,6830,200,200,125,200,1.2853,0.7671,0.009000000000000001
2018-08-28,176.259995,258.200012,79.0,7026,200,200,125,200,1.2892,0.7742,0.009000000000000001
2018-08-29,175.899994,249.899994,79.309998,7070,200,200,125,200,1.2973,0.7733,0.009000000000000001
2018-08-30,177.639999,244.69999700000002,78.889999,7003,200,200,125,200,1.3008,0.7704,0.009000000000000001
2018-08-31,175.729996,246.5,78.650002,6930,200,200,125,200,1.2969,0.7659999999999999,0.009000000000000001
2018-09-04,171.16000400000001,243.5,78.760002,6773,200,200,125,200,1.2843,0.7586,0.009000000000000001
2018-09-05,167.179993,240.30000299999998,79.389999,6721,200,200,125,200,1.2909,0.7584,0.009000000000000001
2018-09-06,162.529999,239.899994,79.629997,6667,200,200,125,200,1.2938,0.7583,0.009000000000000001
2018-09-07,163.03999299999998,238.899994,79.620003,6596,200,200,125,200,1.2943,0.7596,0.009000000000000001
2018-09-10,164.179993,240.399994,79.410004,6594,200,200,125,200,1.3019,0.7597,0.009000000000000001
2018-09-11,165.940002,236.80000299999998,79.120003,6700,200,200,125,200,1.3004,0.7609999999999999,0.009000000000000001
2018-09-12,162.0,237.80000299999998,78.57,6661,200,200,125,200,1.3034,0.7684,0.009000000000000001
2018-09-13,161.360001,234.5,78.66999799999999,6783,200,200,125,200,1.3101,0.7694,0.0089
2018-09-14,162.320007,234.30000299999998,78.93,6848,200,200,125,200,1.308,0.7673,0.0089
2018-09-17,160.580002,235.100006,79.16999799999999,6848,200,200,125,200,1.3152,0.7681,0.0089
2018-09-18,160.300003,235.100006,79.68,6960,200,200,125,200,1.3147,0.7697,0.0089
2018-09-19,163.059998,235.80000299999998,79.309998,7019,200,200,125,200,1.3146,0.7724,0.0089
2018-09-20,166.020004,238.899994,79.730003,6979,200,200,125,200,1.3262,0.7749,0.0089
2018-09-21,162.929993,236.80000299999998,79.650002,7000,200,200,125,200,1.3088,0.7742,0.0089
2018-09-24,165.41000400000001,239.399994,79.400002,7000,200,200,125,200,1.3132,0.7731,0.0089
2018-09-25,164.91000400000001,241.5,78.970001,7122,200,200,125,200,1.3167,0.7723,0.0089
2018-09-26,166.949997,243.899994,79.220001,7030,200,200,125,200,1.3175,0.7707,0.0089
2018-09-27,168.83999599999999,241.600006,79.300003,7008,200,200,125,220,1.3109,0.7666,0.0088
2018-09-28,164.46000700000002,239.80000299999998,78.489998,7095,200,200,125,220,1.3036,0.7725,0.0088
2018-10-01,162.440002,236.69999700000002,78.32,7060,200,200,125,220,1.3046,0.7811,0.0088
2018-10-02,159.330002,235.19999700000002,77.519997,7175,200,200,125,220,1.2977,0.7802,0.0088
2018-10-03,162.429993,215.0,77.5,6964,200,200,125,220,1.2991,0.7793,0.0088
2018-10-04,158.850006,213.399994,77.220001,7005,200,200,125,220,1.3016,0.7752,0.0088
2018-10-05,157.330002,214.80000299999998,77.029999,7002,200,200,125,220,1.3091,0.773,0.0088
2018-10-09,157.899994,215.30000299999998,76.510002,6786,200,200,125,220,1.311,0.7713,0.0088
2018-10-10,151.380005,216.19999700000002,75.650002,6760,200,200,125,220,1.3194,0.7697,0.0089
2018-10-11,153.350006,218.30000299999998,74.110001,6597,200,200,125,220,1.3219,0.767,0.0089
2018-10-12,153.740005,216.899994,74.290001,6608,200,200,125,220,1.3167,0.7674,0.0089
2018-10-15,153.520004,216.0,74.059998,6450,200,200,125,220,1.3154,0.7696,0.0089
2018-10-16,158.779999,208.600006,74.900002,6522,200,200,125,250,1.3202,0.7729,0.0089
2018-10-17,159.419998,208.800003,75.0,6612,200,200,125,250,1.3128,0.7696,0.0089
2018-10-18,154.919998,209.100006,74.300003,6641,200,200,125,250,1.306,0.7659,0.0089
2018-10-19,154.050003,214.600006,74.040001,6577,200,200,125,250,1.3051,0.7631,0.0089
2018-10-22,154.779999,213.0,73.470001,6549,200,200,125,250,1.2974,0.7631,0.0089
2018-10-23,154.389999,214.30000299999998,73.68,6544,200,200,125,250,1.2994,0.7635,0.0089
2018-10-24,146.03999299999998,215.30000299999998,72.459999,6578,200,200,125,250,1.29,0.7675,0.0089
2018-10-25,150.949997,215.30000299999998,72.440002,6402,200,200,125,250,1.2836,0.7648,0.0089
2018-10-26,145.369995,212.80000299999998,72.309998,6534,200,200,125,250,1.2821,0.7629,0.0089
2018-10-29,142.08999599999999,212.5,72.32,6426,200,200,125,250,1.281,0.7623,0.0089
2018-10-30,146.220001,215.0,72.889999,6485,200,200,125,250,1.2731,0.7614,0.0089
2018-10-31,151.78999299999998,213.30000299999998,73.029999,6615,200,200,125,250,1.2764,0.7609,0.0088
2018-11-01,151.75,217.899994,72.66999799999999,6576,200,200,125,250,1.2966,0.7641,0.0089
2018-11-02,150.350006,216.100006,72.910004,6557,200,200,125,250,1.2977,0.7631,0.0088
2018-11-05,148.679993,217.399994,73.209999,6494,200,200,125,250,1.3026,0.7636,0.0088
2018-11-06,149.940002,212.19999700000002,73.33000200000001,6630,200,200,125,250,1.3085,0.7616,0.0088
2018-11-07,151.529999,215.69999700000002,73.410004,6639,200,200,125,250,1.3144,0.7636,0.0088
2018-11-08,147.869995,218.600006,73.599998,6686,200,200,125,250,1.3096,0.7625,0.0088
2018-11-09,144.96000700000002,218.69999700000002,73.239998,6696,200,200,125,250,1.2999,0.7572,0.0088
2018-11-13,142.16000400000001,214.19999700000002,73.07,6545,200,200,125,250,1.2974,0.7552,0.0088
2018-11-14,144.220001,212.399994,72.849998,6667,200,200,125,250,1.2984,0.7556,0.0088
2018-11-15,143.850006,203.100006,72.980003,6640,200,200,125,250,1.2776,0.7575,0.0088
2018-11-16,139.529999,203.899994,72.620003,6591,200,200,125,250,1.284,0.7602,0.0089
2018-11-19,131.550003,205.399994,71.709999,6612,200,200,125,250,1.2853,0.7586,0.0089
2018-11-20,132.429993,204.0,70.449997,6717,200,200,125,250,1.281,0.7542,0.0089
2018-11-21,134.820007,207.199997,71.120003,6715,200,200,125,250,1.2787,0.7536,0.0088
2018-11-23,131.729996,202.100006,71.449997,6821,200,200,125,250,1.2816,0.7559999999999999,0.0089
2018-11-26,136.380005,200.600006,71.75,6805,200,200,125,250,1.2827,0.7559,0.0088
2018-11-27,135.0,198.300003,71.949997,6927,200,200,125,250,1.2744,0.7525,0.0088
2018-11-28,136.759995,197.25,73.599998,6866,200,200,125,250,1.28,0.7518,0.0088
2018-11-29,138.679993,200.0,73.480003,6894,200,200,125,250,1.2778,0.7533,0.0088
2018-11-30,140.610001,197.550003,73.559998,6803,200,200,125,250,1.2754,0.7518,0.0088
2018-12-03,141.08999599999999,197.449997,73.059998,7032,200,200,125,250,1.273,0.7581,0.0088
2018-12-04,137.929993,197.0,71.839996,6911,200,200,125,250,1.2735,0.7565,0.0089
2018-12-06,139.630005,193.75,70.540001,6876,200,200,125,250,1.2781,0.746,0.0089
2018-12-07,137.419998,199.050003,69.83000200000001,6858,200,200,125,250,1.2745,0.7519,0.0089
2018-12-10,141.850006,196.449997,69.550003,6820,200,200,125,250,1.2582,0.7474,0.0088
2018-12-11,142.080002,197.25,69.389999,6745,200,200,125,250,1.2546,0.7462,0.0088
2018-12-12,144.5,197.149994,69.75,6895,200,200,125,250,1.2634,0.7493,0.0088
2018-12-13,145.009995,198.600006,69.720001,6870,200,200,125,250,1.2646,0.7486,0.0088
2018-12-14,144.059998,192.899994,69.58000200000001,6829,200,200,125,250,1.2566,0.7474,0.0088
2018-12-17,140.190002,190.25,68.800003,6840,200,200,125,250,1.2617,0.7463,0.0089
2018-12-18,143.66000400000001,194.199997,68.629997,6775,200,200,125,250,1.2649,0.7433,0.0089
2018-12-19,133.240005,192.949997,67.58000200000001,6762,200,200,125,250,1.2645,0.7435,0.0089
2018-12-20,133.399994,191.899994,67.190002,6629,200,200,125,250,1.2666,0.741,0.009000000000000001
2018-12-21,124.949997,193.75,66.150002,6416,200,200,125,250,1.2648,0.7371,0.009000000000000001
2018-12-24,124.059998,190.0,65.610001,6416,200,200,125,250,1.2706,0.7359,0.009000000000000001
2018-12-27,134.520004,189.550003,67.510002,6415,200,200,125,250,1.2642,0.7331,0.009000000000000001
2018-12-28,133.199997,192.100006,67.629997,6406,200,200,125,250,1.2691,0.7332,0.0091
2018-12-31,131.08999599999999,190.100006,67.860001,6406,200,200,125,250,1.2783,0.733,0.0091
2019-01-04,137.949997,197.399994,67.980003,6346,200,200,125,250,1.2702,0.7457,0.0092
2019-01-07,138.050003,202.5,67.690002,6546,200,200,125,250,1.2768,0.7511,0.0092
2019-01-08,142.529999,208.100006,67.82,6626,200,200,125,250,1.2725,0.7523,0.0092
2019-01-09,144.229996,211.80000299999998,68.139999,6677,200,200,125,250,1.2770000000000001,0.7564,0.0092
2019-01-10,144.199997,216.399994,68.800003,6704,200,200,125,250,1.2757,0.7556,0.0092
2019-01-11,143.800003,218.0,68.860001,6821,200,200,125,250,1.2830000000000001,0.7542,0.0092
2019-01-15,148.949997,218.100006,69.33000200000001,6892,200,200,125,250,1.2791,0.7538,0.0092
2019-01-16,147.53999299999998,220.399994,70.629997,6844,200,200,125,250,1.2867,0.7548,0.0092
2019-01-17,148.300003,219.100006,71.339996,6790,200,200,125,250,1.2943,0.7522,0.0092
2019-01-18,150.03999299999998,224.5,72.339996,6798,200,200,125,250,1.2897,0.7541,0.0091
2019-01-22,147.570007,220.399994,72.410004,6784,200,200,125,250,1.2948,0.7496,0.0091
2019-01-23,144.300003,223.600006,72.199997,6720,200,200,125,250,1.306,0.7492,0.0091
2019-01-24,145.830002,222.80000299999998,72.660004,6725,200,200,125,250,1.3039,0.7490000000000001,0.0091
2019-01-25,149.009995,224.899994,72.83000200000001,6764,200,200,125,250,1.3159,0.7544,0.0091
2019-01-28,147.470001,221.0,73.16999799999999,6689,200,200,125,250,1.3161,0.7541,0.0091
2019-01-29,144.190002,220.899994,73.709999,6676,200,200,125,250,1.3149,0.7538,0.0091
2019-01-30,150.419998,223.19999700000002,73.730003,6639,200,200,125,250,1.308,0.758,0.0091
2019-01-31,166.690002,223.100006,74.0,6675,200,200,125,250,1.3119,0.7608,0.0092
2019-02-01,165.71000700000002,222.0,73.769997,6655,200,200,125,250,1.308,0.7637,0.0091
2019-02-04,169.25,221.5,74.260002,6726,300,200,125,250,1.3054,0.7618,0.0091
2019-02-05,171.16000400000001,225.69999700000002,74.540001,6752,300,200,125,250,1.2959,0.7614,0.0091
2019-02-06,170.490005,229.69999700000002,74.779999,6703,300,200,125,250,1.2951,0.7582,0.0091
2019-02-07,166.380005,227.80000299999998,74.57,6575,300,200,125,250,1.2965,0.7527,0.0091
2019-02-08,167.330002,224.19999700000002,74.620003,6449,300,200,125,250,1.2943,0.7536,0.0091
2019-02-12,165.03999299999998,223.5,74.629997,6605,300,200,125,250,1.2890000000000001,0.7548,0.0091
2019-02-13,164.070007,219.19999700000002,74.870003,6625,300,200,125,250,1.2873,0.7553,0.009000000000000001
2019-02-14,163.949997,217.899994,74.610001,6618,300,200,125,250,1.2797,0.752,0.009000000000000001
2019-02-15,162.5,224.19999700000002,75.360001,6605,300,200,125,250,1.2853,0.7538,0.0091
2019-02-19,162.28999299999998,226.600006,75.690002,6697,300,200,125,250,1.3025,0.7554,0.009000000000000001
2019-02-20,162.559998,227.399994,76.290001,6790,300,200,125,250,1.3059,0.7594,0.009000000000000001
2019-02-21,160.03999299999998,226.100006,76.33000200000001,6731,300,200,125,250,1.3051,0.7578,0.009000000000000001
2019-02-22,161.889999,222.80000299999998,76.220001,6720,300,200,125,250,1.3044,0.7591,0.009000000000000001
2019-02-25,164.619995,223.399994,76.57,6774,300,200,125,250,1.3079,0.7591,0.009000000000000001
2019-02-26,164.130005,228.399994,76.720001,6795,300,200,125,250,1.3228,0.7579,0.009000000000000001
2019-02-27,162.809998,229.100006,77.300003,6780,300,200,125,250,1.3314,0.7607,0.009000000000000001
2019-02-28,161.449997,226.0,75.459999,6697,300,200,125,250,1.3277,0.7594,0.009000000000000001
2019-03-01,162.279999,229.30000299999998,75.160004,6688,300,200,125,250,1.3222,0.7541,0.0089
2019-03-04,167.369995,229.19999700000002,75.019997,6628,300,200,125,250,1.3185,0.7509,0.0089
2019-03-05,171.259995,231.899994,75.07,6608,300,200,125,255,1.3144,0.7493,0.0089
2019-03-06,172.509995,232.30000299999998,74.93,6594,300,200,125,255,1.3157,0.7452,0.0089
2019-03-07,169.130005,234.30000299999998,74.589996,6584,300,200,125,255,1.3102,0.7442,0.009000000000000001
2019-03-08,169.600006,228.5,74.83000200000001,6531,300,200,125,255,1.3026,0.745,0.009000000000000001
2019-03-11,172.070007,227.5,75.120003,6576,300,200,125,255,1.31,0.7455,0.009000000000000001
2019-03-12,171.919998,228.30000299999998,75.279999,6628,300,200,125,255,1.3093,0.7475,0.009000000000000001
2019-03-13,173.369995,229.399994,75.160004,6569,300,200,125,255,1.3199,0.7504,0.009000000000000001
2019-03-14,170.169998,228.30000299999998,75.029999,6560,300,200,125,255,1.3254,0.7504,0.009000000000000001
2019-03-15,165.979996,229.399994,75.57,6615,300,200,125,255,1.3276,0.7495,0.009000000000000001
2019-03-18,160.470001,235.399994,76.25,6639,300,200,125,255,1.3236,0.7493,0.009000000000000001
2019-03-19,161.570007,236.899994,75.82,6676,300,200,125,255,1.327,0.7523,0.009000000000000001
2019-03-20,165.440002,234.5,75.459999,6721,300,200,125,255,1.3196,0.7509,0.009000000000000001
2019-03-22,164.33999599999999,233.19999700000002,74.0,6753,300,200,125,255,1.3189,0.7457,0.0091
2019-03-25,166.28999299999998,232.80000299999998,73.879997,6614,300,200,125,255,1.3201,0.7452,0.0091
2019-03-26,167.679993,228.69999700000002,73.660004,6739,300,200,125,255,1.3224,0.747,0.009000000000000001
2019-03-27,165.869995,228.19999700000002,73.139999,6619,300,200,125,255,1.3227,0.7455,0.0091
2019-03-28,165.550003,229.0,73.050003,6520,300,200,125,255,1.3081,0.7447,0.009000000000000001
2019-03-29,166.690002,232.100006,72.519997,6487,300,200,125,255,1.3034,0.7483,0.009000000000000001
2019-04-01,168.699997,233.0,73.910004,6635,300,200,125,255,1.3121,0.7498,0.009000000000000001
2019-04-02,174.199997,233.0,74.25,6698,300,200,125,255,1.3067,0.7494,0.009000000000000001
2019-04-03,173.53999299999998,236.600006,74.58000200000001,6729,300,200,125,255,1.3159,0.7505,0.009000000000000001
2019-04-04,176.020004,236.19999700000002,74.75,6763,300,200,125,255,1.3089,0.7487,0.009000000000000001
2019-04-05,175.720001,236.899994,74.970001,6840,300,200,125,255,1.3028,0.747,0.0089
2019-04-08,174.929993,238.0,75.019997,6797,300,200,125,255,1.3057,0.7505,0.009000000000000001
2019-04-09,177.580002,233.899994,73.720001,6822,300,200,125,255,1.3049,0.7509999999999999,0.009000000000000001
2019-04-10,177.820007,242.30000299999998,73.760002,6792,300,200,125,255,1.3090000000000002,0.7504,0.009000000000000001
2019-04-11,177.509995,248.30000299999998,73.68,6761,300,200,125,255,1.307,0.7475,0.009000000000000001
2019-04-12,179.100006,247.100006,74.470001,6789,300,200,125,255,1.3096,0.7502,0.0089
2019-04-15,179.649994,249.30000299999998,74.860001,6831,300,200,125,255,1.3103,0.7488,0.0089
2019-04-16,178.869995,249.69999700000002,75.449997,6815,300,200,125,255,1.3057,0.7484,0.0089
2019-04-17,178.779999,250.30000299999998,75.629997,6953,300,200,125,255,1.304,0.7501,0.0089
2019-04-18,178.279999,250.100006,75.75,6976,300,200,125,255,1.2999,0.7473,0.0089
2019-04-23,183.779999,253.0,75.43,6993,300,200,125,255,1.2949,0.7451,0.0089
2019-04-24,182.580002,251.600006,74.870003,6891,300,200,125,255,1.2934,0.7421,0.0089
2019-04-25,193.259995,248.399994,75.059998,6901,300,200,125,255,1.2896,0.7411,0.009000000000000001
2019-04-26,191.490005,250.0,75.440002,6905,300,200,125,260,1.2924,0.7429,0.009000000000000001
2019-05-07,189.770004,247.0,75.529999,6824,300,200,125,260,1.3055,0.7421,0.0091
2019-05-08,189.53999299999998,243.5,75.099998,6759,300,200,125,260,1.3007,0.7426,0.0091
2019-05-09,188.649994,240.600006,74.639999,6545,300,200,125,260,1.3013,0.7417,0.0091
2019-05-10,188.33999599999999,242.100006,74.279999,6537,300,200,125,260,1.3023,0.7453,0.0091
2019-05-13,181.53999299999998,237.80000299999998,73.730003,6545,300,200,125,260,1.2984,0.7431,0.0092
2019-05-14,180.729996,242.0,73.959999,6529,300,200,125,260,1.2916,0.7424,0.0091
2019-05-15,186.270004,243.69999700000002,73.980003,6570,300,200,125,260,1.2856,0.7434,0.0091
2019-05-16,186.990005,239.80000299999998,74.410004,6502,300,200,125,260,1.2799,0.7441,0.0091
2019-05-17,185.300003,239.399994,74.370003,6502,300,200,125,260,1.2736,0.7425,0.0091
2019-05-21,184.820007,236.899994,74.370003,6494,300,200,125,260,1.2727,0.7455,0.009000000000000001
2019-05-22,185.320007,232.69999700000002,73.849998,6491,300,200,125,260,1.2664,0.7457,0.0091
2019-05-23,180.869995,229.80000299999998,75.470001,6499,300,200,125,260,1.2658,0.7419,0.0091
2019-05-24,181.059998,232.0,76.099998,6502,300,200,125,260,1.2697,0.7437,0.0091
2019-05-28,184.309998,238.19999700000002,76.25,6604,300,200,125,260,1.2668,0.742,0.0091
2019-05-29,182.190002,225.80000299999998,75.160004,6581,300,200,125,260,1.2634,0.74,0.0091
2019-05-30,183.009995,227.5,74.879997,6571,300,200,125,260,1.2613,0.7407,0.0091
2019-05-31,177.470001,226.399994,73.900002,6384,300,200,125,260,1.2616,0.7393,0.0092
2019-06-03,164.149994,225.100006,73.709999,6343,300,200,125,260,1.2642,0.7424,0.0092
2019-06-04,167.5,228.80000299999998,74.739998,6368,300,200,125,260,1.2688,0.7455,0.0092
2019-06-05,168.169998,227.899994,75.239998,6530,300,200,125,260,1.2709,0.7462,0.0092
2019-06-06,168.330002,229.100006,75.400002,6547,300,200,125,260,1.2709,0.7475,0.0092
2019-06-07,173.350006,229.399994,75.33000200000001,6588,300,200,125,260,1.2743,0.7528,0.0093
2019-06-10,174.820007,230.399994,75.389999,6706,300,200,125,260,1.2683,0.7537,0.0092
2019-06-11,178.100006,227.5,75.720001,6779,300,200,125,260,1.2718,0.7531,0.0092
2019-06-12,175.03999299999998,227.5,75.0,6818,300,200,125,260,1.2712,0.7517,0.0092
2019-06-13,177.470001,229.5,75.150002,6726,300,200,125,260,1.2685,0.7505,0.0092
2019-06-14,181.330002,224.399994,75.910004,6743,300,200,125,260,1.2607,0.7471,0.0092
2019-06-17,189.009995,227.0,75.970001,6727,300,200,125,260,1.2566,0.7459,0.0092
2019-06-18,188.470001,235.5,76.900002,6719,300,200,125,260,1.2541,0.7466,0.0092
2019-06-19,187.479996,235.0,76.970001,6772,300,200,125,260,1.2627,0.7495,0.0092
2019-06-20,189.529999,236.600006,76.75,6740,300,200,125,260,1.2696,0.7581,0.0093
2019-06-21,191.139999,236.69999700000002,76.5,6687,300,200,125,260,1.2701,0.7569,0.0093
2019-06-24,192.600006,231.30000299999998,76.800003,6693,300,200,125,260,1.2732,0.7579,0.0093
2019-06-25,188.83999599999999,228.19999700000002,76.300003,6651,300,200,125,260,1.2711,0.7591,0.0093
2019-06-26,187.66000400000001,224.19999700000002,76.209999,6613,300,200,125,260,1.2688,0.7616,0.0093
2019-06-27,189.5,227.19999700000002,76.120003,6674,300,200,125,260,1.2683,0.7627,0.0093
2019-06-28,193.0,226.69999700000002,76.519997,6688,300,200,125,260,1.2703,0.7641,0.0093
2019-07-02,195.0,231.69999700000002,77.050003,6884,300,200,125,260,1.2612,0.7625,0.0093
2019-07-03,197.199997,233.80000299999998,77.540001,6821,300,200,125,260,1.2576,0.7649,0.0093
2019-07-05,196.399994,237.30000299999998,77.650002,6889,300,200,125,260,1.2515,0.7634,0.0092
2019-07-08,195.759995,234.69999700000002,77.41999799999999,6888,300,200,125,260,1.2514,0.7645,0.0092
2019-07-09,199.21000700000002,233.600006,76.839996,6915,300,200,125,260,1.2463,0.7618,0.0092
2019-07-10,202.729996,237.100006,76.41999799999999,6908,300,200,125,260,1.2504,0.7638,0.0092
2019-07-11,201.229996,241.30000299999998,76.66999799999999,6865,300,200,125,260,1.2536,0.7651,0.0092
2019-07-12,204.869995,242.100006,76.529999,6910,300,200,125,260,1.2556,0.767,0.0093
2019-07-16,203.83999599999999,238.899994,76.709999,7000,300,200,125,275,1.2415,0.7662,0.0092
2019-07-17,201.800003,238.5,76.769997,7027,300,200,125,275,1.2429999999999999,0.7661,0.0092
2019-07-18,200.779999,236.69999700000002,77.0,6975,300,200,125,275,1.2494,0.7652,0.0093
2019-07-19,198.360001,238.30000299999998,76.769997,7121,300,200,125,275,1.2508,0.7651,0.0093
2019-07-22,202.320007,235.19999700000002,76.870003,7091,300,200,125,275,1.248,0.7632,0.0093
2019-07-23,202.360001,229.899994,77.260002,7100,300,200,125,275,1.2443,0.7609,0.0092
2019-07-24,204.66000400000001,228.0,77.529999,7197,300,200,125,275,1.2491,0.7612,0.0092
2019-07-25,200.71000700000002,226.899994,77.230003,7222,300,200,125,275,1.247,0.7607,0.0092
2019-07-26,199.75,226.0,77.239998,7151,300,200,125,275,1.2397,0.7586,0.0092
2019-07-29,195.940002,226.69999700000002,77.389999,7148,300,200,125,275,1.2238,0.7599,0.0092
2019-07-30,197.03999299999998,223.19999700000002,77.099998,7180,300,200,125,275,1.2164,0.7594,0.0092
2019-07-31,194.229996,223.30000299999998,77.150002,7024,300,200,125,275,1.2202,0.7606,0.0092
2019-08-01,192.729996,224.0,76.019997,7092,300,200,125,275,1.2131,0.7566,0.0093
2019-08-02,189.020004,220.69999700000002,75.290001,6929,300,200,125,275,1.214,0.7561,0.0094
2019-08-06,184.509995,214.899994,74.540001,6720,300,200,125,275,1.2163,0.7545,0.0094
2019-08-07,185.149994,216.80000299999998,74.360001,6791,300,200,125,275,1.2149,0.7506,0.0094
2019-08-08,190.16000400000001,219.69999700000002,75.040001,6810,300,200,125,275,1.2135,0.7543,0.0094
2019-08-09,187.850006,218.19999700000002,74.68,6837,300,200,125,275,1.2068,0.7564,0.0095
2019-08-13,188.449997,214.100006,74.57,6790,300,200,125,275,1.2067,0.7555,0.0094
2019-08-14,179.71000700000002,214.30000299999998,72.809998,6853,300,200,125,275,1.2062,0.7513,0.0094
2019-08-15,182.58999599999999,213.100006,71.839996,6795,300,200,125,275,1.2116,0.7505,0.0094
2019-08-16,183.699997,216.100006,72.519997,6790,300,200,125,275,1.2153,0.7527,0.0094
2019-08-19,186.169998,219.69999700000002,73.120003,6873,300,200,125,275,1.2132,0.752,0.0094
2019-08-20,183.809998,215.69999700000002,72.129997,6909,300,200,125,275,1.2144,0.7506,0.0094
2019-08-21,183.550003,214.30000299999998,72.480003,6909,300,200,125,275,1.2134,0.7531,0.0094
2019-08-22,182.03999299999998,213.5,72.639999,6906,300,200,125,275,1.2243,0.7523,0.0094
2019-08-23,177.75,212.600006,71.58000200000001,6916,300,200,125,275,1.226,0.7513,0.0095
2019-08-27,181.300003,213.69999700000002,71.83000200000001,6919,300,200,125,275,1.2286,0.7537,0.0095
2019-08-28,181.759995,218.80000299999998,71.510002,6889,300,200,125,275,1.2221,0.7518,0.0094
2019-08-29,185.570007,218.80000299999998,71.870003,6890,300,200,125,275,1.2195,0.7521,0.0094
2019-08-30,185.669998,219.19999700000002,72.199997,6960,300,200,125,275,1.2174,0.7522,0.0094
2019-09-03,182.389999,225.0,71.599998,7005,300,200,125,275,1.2071,0.7495,0.0094
2019-09-04,187.139999,227.5,71.690002,6956,300,200,125,275,1.22,0.754,0.0094
2019-09-05,190.899994,229.30000299999998,72.410004,7000,300,200,125,275,1.2328,0.7559999999999999,0.0094
2019-09-06,187.490005,232.5,72.940002,7030,300,200,125,275,1.2304,0.7591,0.0094
2019-09-09,188.759995,230.600006,73.190002,7092,300,200,125,275,1.2355,0.7602,0.0093
2019-09-10,186.169998,231.399994,74.010002,7183,300,200,125,275,1.2354,0.7603,0.0093
2019-09-11,188.490005,234.30000299999998,74.32,7355,300,200,125,275,1.2329999999999999,0.7587,0.0093
2019-09-12,187.470001,235.899994,74.769997,7339,300,200,125,275,1.2338,0.7573,0.0093
2019-09-13,187.190002,240.399994,75.209999,7396,300,200,125,275,1.2462,0.7543,0.0092
2019-09-17,188.080002,234.5,75.690002,7445,300,200,125,275,1.2478,0.7543,0.0092
2019-09-18,188.139999,235.5,76.029999,7420,300,200,125,275,1.2478,0.7535,0.0092
2019-09-19,190.139999,236.5,76.300003,7364,300,200,125,275,1.2502,0.7542,0.0093
2019-09-20,189.929993,241.5,76.58000200000001,7403,300,200,125,275,1.2484,0.7533,0.0093
2019-09-24,181.279999,239.600006,76.099998,7461,300,200,125,275,1.2482,0.7548,0.0093
2019-09-25,182.800003,237.899994,76.050003,7342,300,200,125,275,1.2367,0.7536,0.0093
2019-09-26,180.110001,240.899994,76.239998,7426,300,200,125,275,1.2344,0.7541,0.0093
2019-09-27,177.100006,244.5,76.790001,7369,300,200,130,275,1.2308,0.7548,0.0093
2019-09-30,178.080002,241.0,77.25,7216,300,200,130,275,1.2301,0.7551,0.0093
2019-10-01,175.809998,239.5,75.25,7246,300,200,130,275,1.2264,0.7551,0.0093
2019-10-02,174.600006,240.0,73.440002,7159,300,200,130,275,1.2297,0.7522,0.0093
2019-10-03,179.380005,236.30000299999998,73.269997,6982,300,200,130,275,1.2374,0.7502,0.0094
2019-10-04,180.449997,237.19999700000002,73.800003,6995,300,200,130,275,1.2316,0.7509,0.0094
2019-10-07,179.679993,237.0,73.660004,6986,300,200,130,275,1.2314,0.7515,0.0093
2019-10-08,177.75,229.80000299999998,73.160004,7087,300,200,130,275,1.2212,0.7506,0.0093
2019-10-09,179.850006,227.30000299999998,72.860001,7125,300,200,130,275,1.2216,0.7505,0.0093
2019-10-10,180.029999,227.399994,73.029999,7108,300,200,130,275,1.2343,0.7522,0.0093
2019-10-11,184.190002,242.19999700000002,73.760002,7269,300,200,130,275,1.2661,0.7577,0.0092
2019-10-15,188.889999,244.19999700000002,74.32,7385,300,200,135,275,1.2724,0.7569,0.0092
2019-10-16,189.550003,243.30000299999998,74.349998,7455,300,200,135,275,1.2826,0.7575,0.0092
2019-10-17,190.389999,242.600006,73.980003,7383,300,200,135,275,1.2846,0.7609,0.0092
2019-10-18,185.850006,244.0,74.099998,7368,300,200,135,275,1.2912,0.7615,0.0092
2019-10-21,189.759995,245.5,74.33000200000001,7400,300,200,135,275,1.2982,0.7636,0.0092
2019-10-23,186.149994,242.100006,74.599998,7420,300,200,135,275,1.2888,0.7642,0.0092
2019-10-24,186.380005,241.19999700000002,74.790001,7486,300,200,135,275,1.2857,0.7648,0.0092
2019-10-25,187.889999,239.600006,75.160004,7482,300,200,175,275,1.2824,0.7655,0.0092
2019-10-28,189.399994,239.80000299999998,75.150002,7483,300,200,175,275,1.2857,0.7659,0.0092
2019-10-29,189.309998,238.80000299999998,75.220001,7546,300,200,175,275,1.287,0.7648,0.0092
2019-10-30,188.25,235.69999700000002,75.260002,7554,300,200,175,275,1.2878,0.7603,0.0092
2019-10-31,191.649994,235.19999700000002,75.209999,7542,300,200,175,275,1.2944,0.7599,0.0093
2019-11-01,193.619995,237.899994,75.339996,7551,300,200,175,275,1.2945,0.7601,0.0092
